YBL076C	P09436	LEVAGIELVK	935	944	SSSTTSSSST	hit	625.33	62.53	10
YBL076C	P09436	MQSVIDLGR	827	835	HHHHHHHHH	hit	218.91	24.32	9
YBL099W	P07251	AVDALVPIGR	189	198	HHHHHBXSST	hit	70.27	7.02	10
YBL099W	P07251	APGILPR	170	176	HHXBTTS	hit	530.7	75.81	7
YBR127C	P16140	TTVEFTGESLR	91	101	XSSSSSSSSXS	hit	382.95	34.81	11
YBR127C	P16140	TFITQGAYEDR	442	452	HHHXXXTTXXX	hit	532.41	48.4	11
YBR127C	P16140	LSLEFLEK	431	438	HHHHHHHH	hit	345.82	43.22	8
YBR127C	P16140	QGQVLEIR	64	71	SSSSSSSS	hit	447.43	55.92	8
YBR196C	P12709	HFAALSTNETEVAK	251	264	HSSSSXBXHHHHHH	hit	569.53	40.68	14
YBR196C	P12709	AVYHVALR	106	113	XXXHHHHH	hit	38.02	4.75	8
YBR218C	P32327	TAFGNGTCFVER	211	222	HHHBXXXSSSSS	hit	535.23	44.6	12
YBR218C	P32327	EGDDVADAFQR	194	204	TTBXHHHHHHH	hit	780.83	70.98	11
YBR218C	P32327	EANYLLGDIVK	887	897	HHHHHTTBXXX	hit	227.69	20.69	11
YDL185W	P17255	VGHDNLVGEVIR	52	63	STTTTSSSSSSS	hit	388.53	32.37	12
YDL185W	P17255	DGLVSLAR	631	638	HHHHHHHH	hit	125.62	15.7	8
YDL185W	P17255	EESQSIYIPR	118	127	HHHTBBBHHT	hit	934.94	93.49	10
YDL185W	P17255	NIPSFLSTDNIGTR	585	598	XXXHHHHTSXHHHH	hit	268.85	19.2	14
YDL191W	P0CX84	FEASQVTEK	95	103	HHHTXXXHH	hit	919.09	102.12	9
YDL191W	P0CX84	LSRPSLPK	36	43	HHXBXXTH	hit	863.91	107.98	8
YDL191W	P0CX84	QIAFPQR	108	114	HHHBXXX	hit	873.01	124.71	7
YDR037W	P15180	INMIEELEK	398	406	SSHHHHHHH	hit	345.04	38.33	9
YDR037W	P15180	FEVFVATK	489	496	SSSSSTTS	hit	143.24	17.9	8
YDR037W	P15180	LECPPPLTNAR	436	446	XXXHBHXXHHH	hit	718.94	65.35	11
YDR037W	P15180	QLVVGGLDR	309	317	HHHHTTXBS	hit	482.01	53.55	9
YDR099W	P34730	SEHQVELIR	77	85	XHHHHHHHH	hit	763.12	84.79	9
YDR099W	P34730	SKIETELTK	89	97	HHHHHHHHH	hit	565.44	62.82	9
YDR341C	Q05506	LLGLTPVER	598	606	HTTXXXXBX	hit	251.74	27.97	9
YDR341C	Q05506	NYISQELSK	37	45	HHHHHHHHH	hit	280.71	31.19	9
YEL046C	P37303	LAISEAFDYAK	342	352	HHHHHHHHHHH	hit	502.17	45.65	11
YEL046C	P37303	YITAANDLR	10	18	XXXBTTSTT	hit	422.29	46.92	9
YEL071W	P39976	VLDSEDLAYFR	26	36	HHXHHHHHHHH	hit	721.51	65.59	11
YEL071W	P39976	DLYSVSAAVTER	380	391	HTTHHHHHHHHH	hit	436.61	36.38	12
YER055C	P00498	YFADLEGTTVEK	133	144	HHHHHHTBXTTT	hit	791.02	65.91	12
YER055C	P00498	CDLGITGVDQVR	71	82	XBSSSSSHHHHH	hit	213.33	17.77	12
YER081W	P40054	QVSTLDELLNK	240	250	SXBXHHHHHHH	hit	574.94	52.26	11
YER081W	P40054	YINEGNSVGSVNFPEVALK	370	388	HHHHXXXTTSBBBXXXXXH	hit	620.49	32.65	19
YER090W	P00899	YSFIGISPR	75	83	SSSSSSBXB	hit	296.66	32.96	9
YER090W	P00899	GATTEEDDALADQLR	321	335	HBBHHHHHHHHHHHH	hit	959.95	63.99	15
YER090W	P00899	LNQTFESNVGK	220	230	XBHHHSSBBHH	hit	868.83	78.98	11
YER102W	P0CX40	AAIVQIDATPFR	99	110	TXSSSSSXHHHH	hit	292.1	24.34	12
YER102W	P0CX40	IETGNFSWASEGISK	60	74	SXSSSSSSTTTTSSS	hit	641.93	42.79	15
YGL026C	P00931	FHSATLTAGR	564	573	XXXXHHHHXS	hit	371.54	37.15	10
YGL026C	P00931	NVIAETGAGQHGVATATACAK	402	422	SSSSSSBBBHHHHHHHHHHHH	hit	296.83	14.13	21
YGL123W	P25443	AGIIIAK	127	133	HHHHHHH	hit	214.97	30.71	7
YGL123W	P25443	LLQLAGVEDVYTQSNGK	187	203	HHHHTTXXXSSSSSSBX	hit	781.16	45.95	17
YGR094W	P07806	GHVDIDAEIAK	1032	1042	TBBXHHHHHHH	hit	713.38	64.85	11
YGR094W	P07806	TGEVIINPLKEDGSPK	60	75	TXHSHXXBSXTTBHSH	NA	1256.76	78.54	16
YGR094W	P07806	ILVSLDDPALK	136	146	XXXXTTBHHHB	hit	720.23	65.47	11
YGR094W	P07806	MILLGLK	674	680	HHHHHHH	hit	115.31	16.47	7
YGR204W	P07245	CVGDVEFNEAIK	257	268	SSXBSXHHHHTT	hit	487.56	40.63	12
YGR204W	P07245	LLTPVPSDIDISR	316	328	XXBBXXXHHHHHH	hit	798.25	61.4	13
YHL015W	P38701	EKVEEQEQQQQQIIK	7	21	HHHHHHHHHHTXSSS	hit	1627.54	108.5	15
YHL015W	P38701	QLENVSSNIVK	33	43	HHHHHHHHHHH	hit	498.15	45.28	11
YHR019C	P38707	EDESLPAAIK	109	118	XXTTBHHHSS	hit	936.07	93.6	10
YHR019C	P38707	IAEGSDPSLLLDQR	225	238	TXTTXXHHHHHHTH	hit	901.88	64.42	14
YHR019C	P38707	TPAYALFASQQK	27	38	XHHHHHHHHHHT	hit	484.93	40.41	12
YHR179W	Q03558	FFISNPDLVDR	350	360	HHHHXTTHHHH	hit	88.58	8.05	11
YHR179W	Q03558	TLIGYGR	343	349	SSSSXXH	hit	61.95	8.85	7
YHR183W	P38720	FFADAVTK	393	400	HHHHHHHH	hit	450.73	56.34	8
YHR183W	P38720	VDHFLANEAK	38	47	HHHHHHTTTT	hit	613.77	61.37	10
YIL051C	P40185	AEQVFQNVK	69	77	HHHHHHHHH	hit	286.87	31.87	9
YIL051C	P40185	VNVFLADMK	93	101	SSSSSBXHH	hit	464.1	51.56	9
YIL053W	P41277	LCNALNALPK	99	108	HHHHHHTBBB	hit	467.52	46.75	10
YIL053W	P41277	WAVATSGTR	111	119	SSSSXBBXH	hit	124.57	13.84	9
YIL133C	P26784	AEELNISGEFFR	38	49	HHHXSSSBXHHH	hit	566.5	47.2	12
YIL133C	P26784	VFEGIPPPYDK	104	114	SXBBXXTTBBB	hit	630.7	57.33	11
YJL130C	P07259	FNSPEEYAR	2140	2148	XBXHHHHHH	hit	753.12	83.68	9
YJL130C	P07259	EIGFPVIVR	590	598	HHXBBSSSS	hit	372.04	41.33	9
YJL130C	P07259	LGLNIPLNEVK	752	762	HTTTXXHHHBS	hit	370.6	33.69	11
YJL130C	P07259	FLDSNEVAIR	926	935	HTTXXHHHHH	hit	312.77	31.27	10
YJL130C	P07259	EELPSLVLR	903	911	TTBXHHHHH	hit	536.95	59.66	9
YJL130C	P07259	HIELQTGPDGK	215	225	TXXXXSXTTBH	hit	820.89	74.62	11
YJR109C	P03965	TLGIIPFVK	539	547	HTTXXHSSS	hit	389.37	43.26	9
YJR109C	P03965	VNYPVLIR	727	734	HXBXSSSS	hit	245.35	30.66	8
YJR109C	P03965	HASTNINELEIR	523	534	BXBXXXXHHHHH	hit	722.96	60.24	12
YJR121W	P00830	FTQAGSEVSALLGR	294	307	HHHHHHHHHHHTTH	hit	503.5	35.96	14
YJR121W	P00830	ETGVINLEGESK	236	247	HTTBBXBBBXXX	hit	889.16	74.09	12
YJR123W	P26783	RQAVDVSPLR	157	166	SSSSSHHHHH	hit	627.96	62.79	10
YJR123W	P26783	DASLVDYVQVR	55	65	XTTTHHHBSXB	hit	614.39	55.85	11
YKL182W	P07149	FLGYVSSLVEPSK	64	76	HHHHHHHTXXBBB	hit	654.14	50.31	13
YKL182W	P07149	TSIQHVGMINGR	1624	1635	SSSSSSSSSTTS	hit	292.64	24.38	12
YKL182W	P07149	VLSGSISER	470	478	HXBBXHHHH	hit	564.41	62.71	9
YKL182W	P07149	VFNAYPAAR	983	991	HHHHXTHHH	hit	374.89	41.65	9
YLL018C	P04802	TVTNQAIFR	241	249	BHHHHHHHH	hit	217.52	24.16	9
YLL018C	P04802	EGIEMLR	404	410	HHHHHHH	hit	338.98	48.42	7
YLL018C	P04802	ALQLEAER	51	58	HHHHHHHH	NA	829.01	103.62	8
YLL045C	P29453	LVSTIDANFADK	214	225	HHHHHHTTTTTT	hit	545.35	45.44	12
YLL045C	P29453	LVSTIDANFADKYDEVK	214	230	HHHHHHTTTTTTHHHHT	hit	972.76	57.22	17
YLR027C	P23542	VDLGIGAYR	33	41	SSXBBXXXX	hit	172.89	19.2	9
YLR027C	P23542	ASIAGLNQGNVEYVAK	388	403	SSHHHXXTTTHHHHHH	hit	514.72	32.17	16
YLR044C	P06169	VATTGEWDK	512	520	SXSHHHHHH	hit	389.18	43.24	9
YLR044C	P06169	NIVEFHSDHMK	305	315	XSSSSXBBSSS	hit	377.97	34.36	11
YLR044C	P06169	VATTGEWDKLTQDK	512	525	SXSHHHHHHHHTXH	hit	792.26	56.59	14
YLR048W	P46654	LVIVTDPR	120	127	SSSSBXTT	hit	160.09	20.01	8
YLR048W	P46654	FAAHTGATPIAGR	89	101	HHHHHXXSSSSBB	hit	539.05	41.46	13
YLR058C	P37291	VLVAGTSAYCR	188	198	SSSSSXBBXXB	hit	123.15	11.19	11
YLR058C	P37291	MEILCQQR	83	90	HHHHHHHH	hit	409.88	51.23	8
YLR058C	P37291	INIALNK	371	377	TTSSXSS	hit	180.93	25.84	7
YLR058C	P37291	EYQTQVLK	317	324	HHHHHHHH	hit	377.96	47.24	8
YLR058C	P37291	YYGGNEHIDR	73	82	BBBXXHHHHH	hit	887.45	88.74	10
YLR075W	P41805	DSNKDVVVEGLR	142	153	HHHHHHHHHHHH	hit	590.81	49.23	12
YLR075W	P41805	EAGEVKDDGAFVK	186	198	HTTXSSSSTTSSS	hit	750.07	57.69	13
YLR354C	P15019	VANNSLEQLK	11	20	XBXXHHHHHH	hit	515.57	51.55	10
YLR354C	P15019	TIVMGASFR	232	240	XSSSSSXXB	hit	196.78	21.86	9
YLR354C	P15019	ASGTVVVADTGDFGSIAK	21	38	HTTHSSSSSXBXHHHTHH	hit	564.96	31.38	18
YLR354C	P15019	LSFDTQATIEK	113	123	HTTXHHHHHHH	hit	564.63	51.33	11
YLR355C	P06168	QINFGGTVETVYER	50	63	SSSSTTSSSSSSSH	hit	987.02	70.5	14
YLR355C	P06168	DNGLNVIIGVR	98	108	HHTXXSSSSXX	hit	434.49	39.49	11
YLR359W	Q05911	EEGGENDLIER	413	423	HHXXXXXHHHH	hit	791.12	71.92	11
YLR359W	Q05911	LVNVINR	132	138	HHHHHHH	hit	48.23	6.89	7
YMR116C	P38011	LWDVATGETYQR	91	102	SSSTTTXXSSSS	hit	742.26	61.85	12
YMR116C	P38011	ASMIISGSR	119	127	BXSSSSSST	hit	199.66	22.18	9
YMR116C	P38011	VVPNEKADDDSVTIISAGNDK	156	176	SHHHXXTTXXXXSSSSSSTTB	hit	1041.47	49.59	21
YMR116C	P38011	SDVMSVDIDK	108	117	BXSSSSSSXT	hit	263.54	26.35	10
YMR186W	P15108	AELINNLGTIAK	87	98	HHHHHHHBBTTX	hit	605.41	50.45	12
YMR186W	P15108	DFELEETDEEKAER	523	536	XXHHHXXHHHHHHH	NA	1048.17	74.86	14
YMR186W	P15108	EEVQELEELNK	258	268	SSSSSSSSXXX	hit	878.02	79.81	11
YMR205C	P16862	QLYDYETEVSMR	924	935	HHHHHHSSHHHT	hit	734.22	61.18	12
YMR205C	P16862	FLSLENR	34	40	HBXXSSX	hit	476.78	68.11	7
YOL058W	P22768	IDIVEDR	269	275	SSSSSSX	hit	306.7	43.81	7
YOL058W	P22768	AHVDLEGLTLDK	296	307	HHHHHHHHHBXH	hit	388.3	32.35	12
YOL058W	P22768	DLLDYAAQK	158	166	HHHHHHHHT	hit	518.68	57.63	9
YOL127W	P04456	ELYEVDVLK	101	109	HHHXXXSSS	hit	636.89	70.76	9
YOL127W	P04456	VNTLVRPNGTK	110	120	SSSSSXTTBXS	hit	687.06	62.45	11
YOR063W	P14126	AGMTTIVR	51	58	SSSSSSSS	hit	162.81	20.35	8
YOR063W	P14126	VGKGDDEANGATSFDR	285	300	SSXBBXTTTTXXTTXB	hit	1048.99	65.56	16
YOR063W	P14126	GDDEANGATSFDR	288	300	BBXTTTTXXTTXB	hit	931.47	71.65	13
YOR063W	P14126	VLVHTQIR	160	167	SSSSSXHH	hit	175.38	21.92	8
YOR133W	P32324	VFAGTVK	400	406	SSSBSSS	hit	125.37	17.91	7
YOR133W	P32324	ETVESESSQTALSK	565	578	SSSBBXXBBXSSSS	hit	513.66	36.69	14
YOR133W	P32324	NMSVIAHVDHGK	21	32	SSSSSSXTTBBH	hit	144.74	12.06	12
YOR133W	P32324	ISPPVVAYR	556	564	SHHHSSHHS	hit	389.25	43.25	9
YOR133W	P32324	FSVSPVVQVAVEVK	483	496	HXXXXXSSSSSSSB	hit	571.36	40.81	14
YOR133W	P32324	AVQYLHEIK	652	660	BXTTHHHHH	hit	660.55	73.39	9
YOR332W	P22203	LLSEEALPAIR	209	219	HHHHHHHHHHH	hit	890.32	80.93	11
YOR332W	P22203	LELYGPSK	220	227	HHHHXXXT	hit	763.2	95.4	8
YOR369C	P48589	VVGASVVVVK	115	124	HHHHBSSSSB	hit	282.17	28.21	10
YOR369C	P48589	QLGEWAGLGK	96	105	HHHHHTTXBS	hit	458.02	45.8	10
YPL028W	P41338	FGQTVLVDGVER	137	148	BBXXXHSSHHHH	hit	1060.45	88.37	12
YPL028W	P41338	AIILGAQSIK	97	106	HHHHHHHHHH	hit	201	20.1	10
YPL061W	P54115	ANFQGAITNR	343	352	TXBSXXXBBH	NA	312.73	31.27	10
YPL061W	P54115	AYLETEIK	328	335	HHHHHHXX	hit	551.34	68.91	8
YPL061W	P54115	LAFTGSTEVGK	245	255	SSSSBXHHHHH	hit	444.7	40.42	11
YPL198W	Q12213	ATLELLK	122	128	HHHHHHH	hit	437.4	62.48	7
YPL198W	Q12213	LSNPSGGWGVPR	207	218	HHHHTTTTBBBX	hit	853.06	71.08	12
YPL198W	Q12213	INSGTFVK	111	118	TTSSSSSS	hit	212.35	26.54	8
YPL198W	Q12213	HFIQGGSFGNR	222	232	SHHHTBBSSSX	hit	528.75	48.06	11
YPL231W	P19097	AVSITSFGFGQK	1638	1649	SSSSSSSSTTTS	hit	224.84	18.73	12
YPL231W	P19097	WIETQDVFLK	28	37	HHHHHHHHHH	hit	580.6	58.06	10
YPL231W	P19097	QVTDYYQSIYAK	713	724	HHHHHHHHHHHH	hit	483.01	40.25	12
