Locus	Uniprot	Sequence	Start	Stop	DSSP	Y/N
YBL076C	P09436	LEVAGIELVK	935	944	SSSTTSSSST	hit
YBL076C	P09436	MQSVIDLGR	827	835	HHHHHHHHH	hit
YBL099W	P07251	AVDALVPIGR	189	198	HHHHHBXSST	hit
YBL099W	P07251	APGILPR	170	176	HHXBTTS	hit
YBR127C	P16140	TTVEFTGESLR	91	101	XSSSSSSSSXS	hit
YBR127C	P16140	TFITQGAYEDR	442	452	HHHXXXTTXXX	hit
YBR127C	P16140	LSLEFLEK	431	438	HHHHHHHH	hit
YBR127C	P16140	QGQVLEIR	64	71	SSSSSSSS	hit
YBR196C	P12709	HFAALSTNETEVAK	251	264	HSSSSXBXHHHHHH	hit
YBR196C	P12709	AVYHVALR	106	113	XXXHHHHH	hit
YBR218C	P32327	TAFGNGTCFVER	211	222	HHHBXXXSSSSS	hit
YBR218C	P32327	EGDDVADAFQR	194	204	TTBXHHHHHHH	hit
YBR218C	P32327	EANYLLGDIVK	887	897	HHHHHTTBXXX	hit
YDL185W	P17255	VGHDNLVGEVIR	52	63	STTTTSSSSSSS	hit
YDL185W	P17255	DGLVSLAR	631	638	HHHHHHHH	hit
YDL185W	P17255	EESQSIYIPR	118	127	HHHTBBBHHT	hit
YDL185W	P17255	NIPSFLSTDNIGTR	585	598	XXXHHHHTSXHHHH	hit
YDL191W	P0CX84	FEASQVTEK	95	103	HHHTXXXHH	hit
YDL191W	P0CX84	LSRPSLPK	36	43	HHXBXXTH	hit
YDL191W	P0CX84	QIAFPQR	108	114	HHHBXXX	hit
YDR037W	P15180	INMIEELEK	398	406	SSHHHHHHH	hit
YDR037W	P15180	FEVFVATK	489	496	SSSSSTTS	hit
YDR037W	P15180	LECPPPLTNAR	436	446	XXXHBHXXHHH	hit
YDR037W	P15180	QLVVGGLDR	309	317	HHHHTTXBS	hit
YDR099W	P34730	SEHQVELIR	77	85	XHHHHHHHH	hit
YDR099W	P34730	SKIETELTK	89	97	HHHHHHHHH	hit
YDR341C	Q05506	LLGLTPVER	598	606	HTTXXXXBX	hit
YDR341C	Q05506	NYISQELSK	37	45	HHHHHHHHH	hit
YEL046C	P37303	LAISEAFDYAK	342	352	HHHHHHHHHHH	hit
YEL046C	P37303	YITAANDLR	10	18	XXXBTTSTT	hit
YEL071W	P39976	VLDSEDLAYFR	26	36	HHXHHHHHHHH	hit
YEL071W	P39976	DLYSVSAAVTER	380	391	HTTHHHHHHHHH	hit
YER055C	P00498	YFADLEGTTVEK	133	144	HHHHHHTBXTTT	hit
YER055C	P00498	CDLGITGVDQVR	71	82	XBSSSSSHHHHH	hit
YER081W	P40054	QVSTLDELLNK	240	250	SXBXHHHHHHH	hit
YER081W	P40054	YINEGNSVGSVNFPEVALK	370	388	HHHHXXXTTSBBBXXXXXH	hit
YER090W	P00899	YSFIGISPR	75	83	SSSSSSBXB	hit
YER090W	P00899	GATTEEDDALADQLR	321	335	HBBHHHHHHHHHHHH	hit
YER090W	P00899	LNQTFESNVGK	220	230	XBHHHSSBBHH	hit
YER102W	P0CX40	AAIVQIDATPFR	99	110	TXSSSSSXHHHH	hit
YER102W	P0CX40	IETGNFSWASEGISK	60	74	SXSSSSSSTTTTSSS	hit
YGL026C	P00931	FHSATLTAGR	564	573	XXXXHHHHXS	hit
YGL026C	P00931	NVIAETGAGQHGVATATACAK	402	422	SSSSSSBBBHHHHHHHHHHHH	hit
YGL123W	P25443	AGIIIAK	127	133	HHHHHHH	hit
YGL123W	P25443	LLQLAGVEDVYTQSNGK	187	203	HHHHTTXXXSSSSSSBX	hit
YGR094W	P07806	GHVDIDAEIAK	1032	1042	TBBXHHHHHHH	hit
YGR094W	P07806	TGEVIINPLKEDGSPK	60	75	TXHSHXXBSXTTBHSH	NA
YGR094W	P07806	ILVSLDDPALK	136	146	XXXXTTBHHHB	hit
YGR094W	P07806	MILLGLK	674	680	HHHHHHH	hit
YGR204W	P07245	CVGDVEFNEAIK	257	268	SSXBSXHHHHTT	hit
YGR204W	P07245	LLTPVPSDIDISR	316	328	XXBBXXXHHHHHH	hit
YHL015W	P38701	EKVEEQEQQQQQIIK	7	21	HHHHHHHHHHTXSSS	hit
YHL015W	P38701	QLENVSSNIVK	33	43	HHHHHHHHHHH	hit
YHR019C	P38707	EDESLPAAIK	109	118	XXTTBHHHSS	hit
YHR019C	P38707	IAEGSDPSLLLDQR	225	238	TXTTXXHHHHHHTH	hit
YHR019C	P38707	TPAYALFASQQK	27	38	XHHHHHHHHHHT	hit
YHR179W	Q03558	FFISNPDLVDR	350	360	HHHHXTTHHHH	hit
YHR179W	Q03558	TLIGYGR	343	349	SSSSXXH	hit
YHR183W	P38720	FFADAVTK	393	400	HHHHHHHH	hit
YHR183W	P38720	VDHFLANEAK	38	47	HHHHHHTTTT	hit
YIL051C	P40185	AEQVFQNVK	69	77	HHHHHHHHH	hit
YIL051C	P40185	VNVFLADMK	93	101	SSSSSBXHH	hit
YIL053W	P41277	LCNALNALPK	99	108	HHHHHHTBBB	hit
YIL053W	P41277	WAVATSGTR	111	119	SSSSXBBXH	hit
YIL133C	P26784	AEELNISGEFFR	38	49	HHHXSSSBXHHH	hit
YIL133C	P26784	VFEGIPPPYDK	104	114	SXBBXXTTBBB	hit
YJL130C	P07259	FNSPEEYAR	2140	2148	XBXHHHHHH	hit
YJL130C	P07259	EIGFPVIVR	590	598	HHXBBSSSS	hit
YJL130C	P07259	LGLNIPLNEVK	752	762	HTTTXXHHHBS	hit
YJL130C	P07259	FLDSNEVAIR	926	935	HTTXXHHHHH	hit
YJL130C	P07259	EELPSLVLR	903	911	TTBXHHHHH	hit
YJL130C	P07259	HIELQTGPDGK	215	225	TXXXXSXTTBH	hit
YJR109C	P03965	TLGIIPFVK	539	547	HTTXXHSSS	hit
YJR109C	P03965	VNYPVLIR	727	734	HXBXSSSS	hit
YJR109C	P03965	HASTNINELEIR	523	534	BXBXXXXHHHHH	hit
YJR121W	P00830	FTQAGSEVSALLGR	294	307	HHHHHHHHHHHTTH	hit
YJR121W	P00830	ETGVINLEGESK	236	247	HTTBBXBBBXXX	hit
YJR123W	P26783	RQAVDVSPLR	157	166	SSSSSHHHHH	hit
YJR123W	P26783	DASLVDYVQVR	55	65	XTTTHHHBSXB	hit
YKL182W	P07149	FLGYVSSLVEPSK	64	76	HHHHHHHTXXBBB	hit
YKL182W	P07149	TSIQHVGMINGR	1624	1635	SSSSSSSSSTTS	hit
YKL182W	P07149	VLSGSISER	470	478	HXBBXHHHH	hit
YKL182W	P07149	VFNAYPAAR	983	991	HHHHXTHHH	hit
YLL018C	P04802	TVTNQAIFR	241	249	BHHHHHHHH	hit
YLL018C	P04802	EGIEMLR	404	410	HHHHHHH	hit
YLL018C	P04802	ALQLEAER	51	58	HHHHHHHH	NA
YLL045C	P29453	LVSTIDANFADK	214	225	HHHHHHTTTTTT	hit
YLL045C	P29453	LVSTIDANFADKYDEVK	214	230	HHHHHHTTTTTTHHHHT	hit
YLR027C	P23542	VDLGIGAYR	33	41	SSXBBXXXX	hit
YLR027C	P23542	ASIAGLNQGNVEYVAK	388	403	SSHHHXXTTTHHHHHH	hit
YLR044C	P06169	VATTGEWDK	512	520	SXSHHHHHH	hit
YLR044C	P06169	NIVEFHSDHMK	305	315	XSSSSXBBSSS	hit
YLR044C	P06169	VATTGEWDKLTQDK	512	525	SXSHHHHHHHHTXH	hit
YLR048W	P46654	LVIVTDPR	120	127	SSSSBXTT	hit
YLR048W	P46654	FAAHTGATPIAGR	89	101	HHHHHXXSSSSBB	hit
YLR058C	P37291	VLVAGTSAYCR	188	198	SSSSSXBBXXB	hit
YLR058C	P37291	MEILCQQR	83	90	HHHHHHHH	hit
YLR058C	P37291	INIALNK	371	377	TTSSXSS	hit
YLR058C	P37291	EYQTQVLK	317	324	HHHHHHHH	hit
YLR058C	P37291	YYGGNEHIDR	73	82	BBBXXHHHHH	hit
YLR075W	P41805	DSNKDVVVEGLR	142	153	HHHHHHHHHHHH	hit
YLR075W	P41805	EAGEVKDDGAFVK	186	198	HTTXSSSSTTSSS	hit
YLR354C	P15019	VANNSLEQLK	11	20	XBXXHHHHHH	hit
YLR354C	P15019	TIVMGASFR	232	240	XSSSSSXXB	hit
YLR354C	P15019	ASGTVVVADTGDFGSIAK	21	38	HTTHSSSSSXBXHHHTHH	hit
YLR354C	P15019	LSFDTQATIEK	113	123	HTTXHHHHHHH	hit
YLR355C	P06168	QINFGGTVETVYER	50	63	SSSSTTSSSSSSSH	hit
YLR355C	P06168	DNGLNVIIGVR	98	108	HHTXXSSSSXX	hit
YLR359W	Q05911	EEGGENDLIER	413	423	HHXXXXXHHHH	hit
YLR359W	Q05911	LVNVINR	132	138	HHHHHHH	hit
YMR116C	P38011	LWDVATGETYQR	91	102	SSSTTTXXSSSS	hit
YMR116C	P38011	ASMIISGSR	119	127	BXSSSSSST	hit
YMR116C	P38011	VVPNEKADDDSVTIISAGNDK	156	176	SHHHXXTTXXXXSSSSSSTTB	hit
YMR116C	P38011	SDVMSVDIDK	108	117	BXSSSSSSXT	hit
YMR186W	P15108	AELINNLGTIAK	87	98	HHHHHHHBBTTX	hit
YMR186W	P15108	DFELEETDEEKAER	523	536	XXHHHXXHHHHHHH	NA
YMR186W	P15108	EEVQELEELNK	258	268	SSSSSSSSXXX	hit
YMR205C	P16862	QLYDYETEVSMR	924	935	HHHHHHSSHHHT	hit
YMR205C	P16862	FLSLENR	34	40	HBXXSSX	hit
YOL058W	P22768	IDIVEDR	269	275	SSSSSSX	hit
YOL058W	P22768	AHVDLEGLTLDK	296	307	HHHHHHHHHBXH	hit
YOL058W	P22768	DLLDYAAQK	158	166	HHHHHHHHT	hit
YOL127W	P04456	ELYEVDVLK	101	109	HHHXXXSSS	hit
YOL127W	P04456	VNTLVRPNGTK	110	120	SSSSSXTTBXS	hit
YOR063W	P14126	AGMTTIVR	51	58	SSSSSSSS	hit
YOR063W	P14126	VGKGDDEANGATSFDR	285	300	SSXBBXTTTTXXTTXB	hit
YOR063W	P14126	GDDEANGATSFDR	288	300	BBXTTTTXXTTXB	hit
YOR063W	P14126	VLVHTQIR	160	167	SSSSSXHH	hit
YOR133W	P32324	VFAGTVK	400	406	SSSBSSS	hit
YOR133W	P32324	ETVESESSQTALSK	565	578	SSSBBXXBBXSSSS	hit
YOR133W	P32324	NMSVIAHVDHGK	21	32	SSSSSSXTTBBH	hit
YOR133W	P32324	ISPPVVAYR	556	564	SHHHSSHHS	hit
YOR133W	P32324	FSVSPVVQVAVEVK	483	496	HXXXXXSSSSSSSB	hit
YOR133W	P32324	AVQYLHEIK	652	660	BXTTHHHHH	hit
YOR332W	P22203	LLSEEALPAIR	209	219	HHHHHHHHHHH	hit
YOR332W	P22203	LELYGPSK	220	227	HHHHXXXT	hit
YOR369C	P48589	VVGASVVVVK	115	124	HHHHBSSSSB	hit
YOR369C	P48589	QLGEWAGLGK	96	105	HHHHHTTXBS	hit
YPL028W	P41338	FGQTVLVDGVER	137	148	BBXXXHSSHHHH	hit
YPL028W	P41338	AIILGAQSIK	97	106	HHHHHHHHHH	hit
YPL061W	P54115	ANFQGAITNR	343	352	TXBSXXXBBH	NA
YPL061W	P54115	AYLETEIK	328	335	HHHHHHXX	hit
YPL061W	P54115	LAFTGSTEVGK	245	255	SSSSBXHHHHH	hit
YPL198W	Q12213	ATLELLK	122	128	HHHHHHH	hit
YPL198W	Q12213	LSNPSGGWGVPR	207	218	HHHHTTTTBBBX	hit
YPL198W	Q12213	INSGTFVK	111	118	TTSSSSSS	hit
YPL198W	Q12213	HFIQGGSFGNR	222	232	SHHHTBBSSSX	hit
YPL231W	P19097	AVSITSFGFGQK	1638	1649	SSSSSSSSTTTS	hit
YPL231W	P19097	WIETQDVFLK	28	37	HHHHHHHHHH	hit
YPL231W	P19097	QVTDYYQSIYAK	713	724	HHHHHHHHHHHH	hit
